kills,win,prev_rating,new_rating,new_sigma,file_number
0,1,110.0,113.28,49.9,54
0,1,110.0,113.28,49.9,54
1,1,113.28,120.78,49.01,54
0,1,120.78,121.25,49.0,54
1,1,121.25,122.98,48.72,54
0,1,122.98,124.08,48.65,54
2,1,124.08,129.87,45.74,54
2,1,129.87,131.12,45.62,54
1,0,131.12,117.85,45.21,54
0,1,117.85,119.03,45.18,54
0,0,119.03,102.05,43.36,54
1,1,102.05,111.66,42.58,54
1,1,111.66,117.31,41.97,54
0,0,117.31,104.0,40.54,54
0,1,104.0,104.14,40.54,54
3,1,104.14,141.29,30.54,54
1,1,141.29,142.14,29.93,55
0,0,142.14,90.94,23.37,55
1,1,90.94,108.68,18.95,55
0,0,108.68,90.68,15.08,55
0,0,90.68,86.08,13.3,55
0,0,86.08,84.02,12.29,55
0,0,84.02,82.84,11.63,55
1,1,82.84,99.66,9.12,55
0,0,99.66,93.82,7.7,55
0,0,93.82,91.64,6.94,55
1,1,91.64,95.21,6.46,55
1,1,95.21,97.84,5.87,55
1,1,97.84,99.26,5.47,55
0,1,99.26,99.36,5.45,55
1,1,99.36,100.2,5.18,55
0,1,100.2,100.26,5.16,55
0,1,100.26,100.32,5.15,55
0,0,100.32,95.94,4.84,55
0,1,95.94,96.18,4.81,55
0,1,96.18,96.38,4.78,55
0,0,96.38,93.6,4.51,55
0,0,93.6,91.8,4.3,55
1,1,91.8,94.55,3.92,55
1,1,94.55,96.25,3.64,55
0,1,96.25,96.4,3.63,55
0,1,96.4,96.54,3.61,55
1,1,96.54,97.59,3.42,55
1,1,97.59,98.37,3.27,55
1,1,98.37,99.34,3.25,55
1,1,99.34,99.57,3.24,55
0,1,99.57,99.58,3.24,55
1,1,99.58,99.68,3.23,55
1,1,99.68,99.75,3.23,55
2,1,99.75,99.94,3.18,55
0,1,99.94,99.94,3.18,55
0,0,99.94,98.19,3.13,55
1,0,98.19,97.58,3.11,55
2,0,97.58,97.11,3.1,55
0,0,97.11,96.98,3.1,55
1,1,96.98,97.06,3.1,55
0,1,97.06,97.07,3.1,55
0,1,97.06,97.07,3.1,55
2,1,97.07,97.44,3.07,55
1,1,97.44,97.47,3.07,55
0,0,97.47,97.1,3.07,55
0,0,97.1,96.82,3.06,55
0,0,96.82,96.79,3.06,55
0,0,96.79,96.64,3.06,55
1,1,96.64,96.65,3.06,55
1,1,96.64,96.65,3.06,55
0,0,96.65,96.37,3.06,55
0,0,96.37,96.1,3.02,55
0,0,96.1,96.02,3.01,55
1,0,96.02,96.0,3.01,55
0,1,96.0,96.01,3.02,55
0,1,96.01,96.11,3.02,55
0,1,96.11,96.11,3.02,55
0,1,96.11,96.11,3.02,55
1,1,96.11,96.12,3.02,55
0,1,96.12,96.15,3.02,55
2,1,96.15,96.15,3.02,55
1,1,96.15,96.16,3.02,55
0,1,96.16,96.16,3.02,55
1,1,96.16,96.16,3.02,55
0,0,96.16,95.75,3.01,55
0,1,95.75,95.75,3.01,55
0,0,95.75,95.12,3.0,55
1,1,95.12,95.22,3.0,55
1,1,95.22,95.31,2.99,55
0,0,95.31,94.89,2.98,55
0,1,94.89,94.9,2.98,55
0,1,94.9,94.91,2.98,55
2,1,94.91,95.54,2.94,55
0,0,95.54,95.1,2.92,55
0,0,95.54,95.1,2.92,55
0,0,95.1,94.94,2.92,55
0,0,94.94,94.88,2.91,55
0,0,94.88,94.87,2.91,55
0,0,94.87,94.87,2.91,55
0,1,94.87,94.89,2.92,55
0,0,94.89,94.89,2.92,55
2,0,94.89,94.88,2.92,55
0,0,94.88,94.88,2.92,55
0,0,94.88,94.88,2.92,55
1,0,94.88,94.84,2.92,55
0,0,94.84,94.76,2.92,55
1,0,94.76,94.76,2.92,55
0,0,94.76,93.91,2.89,55
2,0,93.91,93.91,2.9,55
0,0,93.91,93.51,2.89,55
0,0,93.91,93.51,2.89,55
0,1,93.51,93.6,2.9,55
0,0,93.51,93.3,2.89,55
0,0,93.3,93.3,2.89,55
1,0,93.3,92.78,2.89,55
0,0,92.78,92.36,2.88,55
0,1,92.36,92.39,2.88,55
0,1,92.39,92.39,2.88,55
0,1,92.39,92.4,2.89,55
1,0,92.4,92.39,2.89,55
0,0,92.39,92.38,2.89,55
0,0,92.38,92.37,2.89,55
2,0,92.37,92.35,2.89,55
0,0,92.35,92.3,2.89,55
1,0,92.3,92.3,2.89,55
1,0,92.3,92.2,2.89,55
0,0,92.2,92.04,2.89,55
0,0,92.2,92.04,2.89,55
0,0,92.04,92.04,2.89,55
0,0,92.04,92.03,2.89,55
2,0,92.03,91.98,2.89,55
3,0,91.98,91.98,2.89,55
0,1,91.98,92.03,2.89,55
0,0,92.03,92.03,2.89,55
1,0,92.03,91.93,2.89,55
1,0,91.93,91.93,2.89,55
1,0,91.93,91.92,2.89,55
0,1,91.92,92.11,2.89,55
1,0,92.11,92.1,2.9,55
0,0,92.1,92.1,2.9,55
0,0,92.1,92.1,2.9,55
1,0,92.1,92.09,2.9,55
0,0,92.09,92.08,2.9,55
0,0,92.08,90.83,2.89,55
0,0,92.08,90.83,2.89,55
1,0,90.83,90.68,2.89,55
1,0,90.68,90.65,2.89,55
0,1,90.65,90.65,2.89,55
1,1,90.65,91.03,2.88,55
0,1,91.03,91.09,2.88,55
0,1,91.09,91.09,2.88,55
0,1,91.09,91.09,2.89,55
3,1,91.09,93.24,2.65,55
0,1,93.24,93.25,2.65,55
2,1,93.25,93.25,2.65,55
0,1,93.25,93.25,2.65,55
1,1,93.25,93.33,2.65,55
0,1,93.33,93.33,2.65,55
1,1,93.33,93.33,2.65,55
0,1,93.33,93.33,2.66,55
1,1,93.33,93.33,2.66,55
1,1,93.33,93.38,2.65,55
1,1,93.38,93.38,2.65,55
0,1,93.38,93.41,2.66,55
2,1,93.41,93.41,2.66,55
1,0,93.41,93.1,2.65,55
0,1,93.1,93.1,2.65,55
0,1,93.1,93.1,2.66,55
0,1,93.1,93.44,2.65,55
1,1,93.44,94.2,2.63,56
1,1,93.44,94.2,2.63,56
0,1,94.2,94.33,2.63,56
0,0,94.2,93.51,2.61,56
0,0,93.51,92.8,2.58,56
0,1,92.8,92.93,2.58,56
1,1,92.93,93.47,2.56,56
0,0,93.47,92.86,2.52,56
1,0,92.86,92.41,2.5,56
0,0,92.41,92.18,2.49,56
0,0,92.18,91.76,2.47,56
0,0,92.18,91.76,2.47,56
0,0,92.18,91.76,2.47,56
0,0,91.76,90.74,2.44,56
0,0,90.74,90.5,2.43,56
0,0,90.5,90.29,2.41,56
1,0,90.29,89.76,2.41,56
1,0,89.76,89.71,2.4,56
0,0,89.71,89.5,2.38,56
1,1,89.5,89.8,2.37,56
0,0,89.8,89.44,2.35,56
2,1,89.44,90.39,2.26,56
1,1,90.39,91.02,2.23,56
0,1,91.02,91.05,2.23,56
2,1,91.05,93.02,2.13,56
2,0,91.05,90.92,2.23,56
0,1,90.92,90.94,2.23,56
2,1,90.94,91.59,2.16,56
0,0,91.59,91.3,2.15,56
1,1,91.3,91.34,2.14,56
1,1,91.34,91.47,2.13,56
1,1,91.47,91.52,2.13,56
2,1,91.52,92.23,2.08,56
1,1,92.23,92.23,2.08,56
0,0,92.23,91.46,2.04,56
2,1,91.46,91.53,2.04,56
0,1,91.53,91.53,2.04,56
1,1,91.53,91.66,2.04,56
1,0,91.53,91.46,2.04,56
0,0,91.46,91.06,2.03,56
0,0,91.06,90.99,2.02,56
2,0,90.99,90.89,2.02,56
1,0,90.89,90.83,2.02,56
1,0,90.83,90.69,2.02,56
0,1,90.69,90.72,2.03,56
0,1,90.72,90.83,2.03,56
0,0,90.83,90.54,2.01,56
1,1,90.54,90.77,2.01,56
1,1,90.54,90.77,2.01,56
1,1,90.54,90.77,2.01,56
4,1,90.77,92.81,1.87,56
2,1,92.81,93.18,1.85,56
0,0,93.18,92.67,1.82,56
1,0,92.67,92.58,1.82,56
2,0,92.58,92.52,1.83,56
1,1,92.52,92.53,1.83,56
2,1,92.53,92.59,1.83,56
2,1,92.59,92.75,1.82,56
2,1,92.75,92.76,1.83,56
0,1,92.76,92.76,1.83,56
1,1,92.76,92.77,1.83,56
0,1,92.77,92.79,1.83,56
0,0,92.77,92.66,1.83,56
2,1,92.66,92.76,1.82,56
0,0,92.76,92.28,1.81,56
0,0,92.28,91.91,1.8,56
0,0,91.91,91.7,1.79,56
1,1,91.7,91.76,1.79,56
0,0,91.76,91.65,1.79,56
0,0,91.65,91.59,1.79,56
2,1,91.59,92.55,1.77,56
1,1,92.55,92.69,1.77,56
1,1,92.55,92.69,1.77,56
0,0,92.69,92.36,1.76,56
0,0,92.36,92.14,1.76,56
0,0,92.14,92.06,1.76,56
0,0,92.06,92.03,1.76,56
0,1,92.03,92.04,1.76,56
0,1,92.04,92.07,1.76,56
0,1,92.07,92.09,1.76,56
0,1,92.09,92.19,1.77,56
0,1,92.09,92.19,1.77,56
2,1,92.19,93.41,1.73,56
2,1,92.19,93.41,1.73,56
1,1,93.41,94.83,1.66,56
0,1,94.83,94.93,1.66,57
0,1,94.83,94.93,1.66,57
0,0,94.93,94.82,1.64,57
0,1,94.82,94.86,1.64,57
0,0,94.86,94.74,1.63,57
0,0,94.74,94.68,1.62,57
1,1,94.68,95.09,1.6,57
1,1,95.09,95.46,1.59,57
0,1,95.46,95.47,1.59,57
0,0,95.46,95.41,1.58,57
1,0,95.41,95.25,1.58,57
2,1,95.25,96.28,1.53,57
0,1,96.28,96.3,1.53,57
1,1,96.3,96.35,1.53,57
0,0,96.35,96.27,1.52,57
1,0,96.27,96.11,1.52,57
2,1,96.11,96.99,1.47,57
2,1,96.99,97.75,1.43,57
1,1,97.75,97.95,1.42,57
1,0,97.95,97.85,1.42,57
1,1,97.85,98.11,1.41,57
0,1,98.11,98.19,1.41,57
0,0,98.11,97.88,1.4,57
0,0,97.88,97.69,1.39,57
0,0,97.69,97.49,1.38,57
0,0,97.49,97.36,1.37,57
0,0,97.36,97.19,1.35,57
0,0,97.19,97.04,1.35,57
0,0,97.04,96.87,1.34,57
1,1,96.87,97.15,1.33,57
0,0,97.15,97.0,1.32,57
0,0,97.0,96.98,1.32,57
0,0,96.98,96.78,1.32,57
0,1,96.78,96.79,1.32,57
0,0,96.78,96.63,1.32,57
0,0,96.63,96.57,1.32,57
0,0,96.57,96.52,1.32,57
0,0,96.52,96.46,1.32,57
0,0,96.46,96.4,1.32,57
0,0,96.4,96.36,1.32,57
0,0,96.36,96.33,1.32,57
0,0,96.33,96.28,1.32,57
0,0,96.28,96.26,1.32,57
0,0,96.26,96.25,1.32,57
0,1,96.25,96.3,1.33,57
0,0,96.3,96.24,1.32,57
0,0,96.24,96.21,1.32,57
0,1,96.21,96.24,1.33,57
2,1,96.24,96.8,1.3,57
0,0,96.8,96.69,1.3,57
2,1,96.69,97.0,1.29,57
2,0,96.69,96.67,1.31,57
1,0,96.67,96.65,1.31,57
0,1,96.65,96.71,1.31,57
2,1,96.71,97.33,1.28,57
0,1,97.33,97.36,1.29,57
0,1,97.36,97.38,1.29,57
0,0,97.38,97.21,1.28,57
0,0,97.21,97.1,1.28,57
0,1,97.1,97.1,1.28,57
1,1,97.1,97.31,1.28,57
0,1,97.31,97.31,1.28,57
1,1,97.31,97.32,1.28,57
0,1,97.32,97.32,1.29,57
0,1,97.32,97.32,1.29,57
0,1,97.32,97.33,1.29,57
1,1,97.33,97.47,1.28,57
1,1,97.47,97.56,1.28,57
1,0,97.56,97.42,1.28,57
1,1,97.42,97.49,1.28,57
1,1,97.49,97.63,1.28,57
2,0,97.63,97.57,1.28,57
2,1,97.57,97.84,1.26,57
1,1,97.84,97.93,1.26,57
1,1,97.93,98.02,1.26,57
2,1,98.02,98.53,1.25,57
0,1,98.53,98.62,1.25,57
0,1,98.62,98.64,1.25,57
0,0,98.62,98.56,1.25,57
1,0,98.56,98.49,1.25,57
0,0,98.49,98.41,1.25,57
0,0,98.41,98.3,1.25,57
0,0,98.3,98.27,1.25,57
1,0,98.27,98.15,1.25,57
0,0,98.15,98.14,1.26,57
0,0,98.14,98.11,1.26,57
0,0,98.11,98.02,1.26,57
0,0,98.02,97.97,1.26,57
0,0,98.02,97.97,1.26,57
1,0,97.97,97.96,1.26,57
4,1,97.96,98.42,1.23,57
2,0,98.42,98.41,1.23,57
0,0,98.41,98.36,1.23,57
0,0,98.36,98.33,1.23,57
0,1,98.33,98.34,1.24,57
2,0,98.34,98.34,1.24,57
1,0,98.34,98.32,1.24,57
0,0,98.32,98.2,1.24,57
1,0,98.2,98.17,1.25,57
1,1,98.17,98.46,1.24,57
0,0,98.46,98.44,1.25,57
0,0,98.46,98.44,1.25,57
0,0,98.46,98.44,1.25,57
1,0,98.44,98.43,1.25,57
1,1,98.43,98.51,1.25,57
2,1,98.51,98.69,1.24,57
0,0,98.69,98.66,1.24,57
2,1,98.66,98.82,1.23,57
0,0,98.82,98.78,1.23,57
0,0,98.78,98.68,1.23,57
0,0,98.68,98.63,1.23,57
0,1,98.63,98.67,1.24,57
0,0,98.67,98.65,1.24,57
0,0,98.65,98.63,1.24,57
1,1,98.63,98.9,1.24,57
1,0,98.63,98.52,1.24,57
0,0,98.52,98.41,1.23,57
0,0,98.41,98.37,1.23,57
0,0,98.37,98.22,1.23,57
0,0,98.22,98.16,1.22,57
0,0,98.16,97.93,1.22,57
0,0,97.93,97.88,1.21,57
0,1,97.88,97.92,1.22,57
0,0,97.92,97.87,1.22,57
0,0,97.87,97.83,1.22,57
0,0,97.83,97.68,1.2,57
1,1,97.68,97.89,1.2,57
0,0,97.89,97.85,1.2,57
0,0,97.89,97.85,1.2,57
0,0,97.89,97.85,1.2,57
0,0,97.85,97.73,1.2,57
1,1,97.73,97.84,1.19,57
0,0,97.84,97.8,1.19,57
1,1,97.8,98.07,1.19,57
0,0,98.07,98.01,1.18,57
0,0,98.01,97.96,1.18,57
1,0,97.96,97.88,1.18,57
0,0,97.88,97.76,1.18,57
0,0,97.76,97.72,1.17,57
2,1,97.72,97.94,1.16,57
1,1,97.94,98.12,1.16,57
2,1,98.12,98.31,1.14,57
0,1,98.31,98.38,1.15,57
0,0,98.31,98.08,1.14,57
0,0,98.08,97.96,1.14,57
1,1,97.96,98.19,1.14,57
0,1,98.19,98.22,1.14,57
2,1,98.22,98.49,1.12,57
0,0,98.49,98.43,1.12,57
0,0,98.43,98.38,1.12,57
0,0,98.38,98.33,1.12,57
0,0,98.33,98.2,1.12,57
0,1,98.2,98.22,1.12,58
0,1,98.22,98.24,1.12,58
1,1,98.24,98.31,1.12,58
1,0,98.31,98.3,1.12,58
1,0,98.31,98.3,1.12,58
1,1,98.3,98.57,1.12,58
1,1,98.57,98.78,1.12,58
0,1,98.78,98.85,1.12,58
0,0,98.85,98.8,1.12,58
0,1,98.8,98.85,1.12,58
0,0,98.85,98.8,1.12,58
0,1,98.8,98.81,1.13,58
0,0,98.8,98.77,1.12,58
1,1,98.77,98.85,1.13,58
1,1,98.85,99.09,1.13,58
1,1,98.85,99.09,1.13,58
1,1,98.85,99.09,1.13,58
1,1,99.09,99.26,1.12,58
1,1,99.26,99.39,1.12,58
0,0,99.39,99.29,1.12,58
1,1,99.29,99.34,1.12,58
0,0,99.34,99.24,1.12,58
1,1,99.24,99.27,1.12,58
0,0,99.27,99.15,1.12,58
0,0,99.27,99.15,1.12,58
0,0,99.15,99.05,1.12,58
2,0,99.05,99.02,1.13,58
0,0,99.02,98.93,1.13,58
1,0,98.93,98.89,1.13,58
0,0,98.89,98.83,1.13,58
0,1,98.83,98.83,1.13,58
1,1,98.83,98.94,1.13,58
0,1,98.94,98.95,1.14,58
2,0,98.95,98.93,1.14,58
0,0,98.93,98.76,1.14,58
0,0,98.93,98.76,1.14,58
0,0,98.93,98.76,1.14,58
0,0,98.76,98.66,1.14,58
0,0,98.66,98.59,1.14,58
0,0,98.59,98.49,1.14,58
0,0,98.49,98.43,1.15,58
0,0,98.43,98.38,1.15,58
0,1,98.38,98.4,1.15,58
0,1,98.4,98.4,1.15,58
0,1,98.4,98.41,1.16,58
0,1,98.41,98.41,1.16,58
1,1,98.41,98.41,1.16,58
0,1,98.41,98.42,1.16,58
0,0,98.41,98.39,1.16,58
1,1,98.39,98.39,1.17,58
0,1,98.39,98.39,1.17,58
0,1,98.39,98.39,1.17,58
3,1,98.39,98.42,1.17,58
0,1,98.42,98.42,1.18,58
0,1,98.42,98.42,1.18,58
0,1,98.42,98.42,1.18,58
0,1,98.42,98.42,1.18,58
0,1,98.42,98.46,1.18,58
0,0,98.46,98.37,1.19,58
0,0,98.37,98.31,1.19,58
0,1,98.31,98.31,1.19,58
0,1,98.31,98.33,1.19,58
1,1,98.33,98.35,1.19,58
0,0,98.35,98.25,1.19,58
1,1,98.25,98.26,1.2,58
0,1,98.26,98.26,1.2,58
3,1,98.26,98.34,1.2,58
1,1,98.34,98.34,1.2,58
1,0,98.34,98.33,1.2,58
1,0,98.33,98.31,1.21,58
0,0,98.31,98.14,1.21,58
0,0,98.14,98.09,1.21,58
0,0,98.09,97.99,1.21,58
0,0,97.99,97.91,1.21,58
0,1,97.91,97.91,1.21,58
0,0,97.91,97.83,1.21,58
1,1,97.83,97.92,1.21,58
0,1,97.92,97.92,1.21,58
0,0,97.92,97.86,1.21,58
0,1,97.86,97.96,1.22,58
0,0,97.86,97.75,1.22,58
0,0,97.75,97.69,1.21,58
0,0,97.69,97.65,1.21,58
1,1,97.65,98.15,1.19,58
1,1,98.15,98.61,1.17,58
0,0,98.61,98.55,1.17,58
0,0,98.55,98.5,1.16,58
1,1,98.5,98.92,1.15,58
0,0,98.92,98.86,1.15,58
0,0,98.86,98.8,1.14,58
0,0,98.8,98.75,1.14,58
0,0,98.75,98.69,1.13,58
0,1,98.69,98.73,1.14,58
0,0,98.69,98.59,1.13,58
0,0,98.59,98.54,1.12,58
0,0,98.54,98.49,1.12,58
0,0,98.49,98.44,1.12,58
0,0,98.44,98.4,1.11,58
0,0,98.4,98.35,1.11,58
0,0,98.35,98.31,1.11,58
0,0,98.31,98.26,1.11,58
0,0,98.26,98.22,1.1,58
0,0,98.22,98.18,1.1,58
0,0,98.18,98.14,1.1,58
0,0,98.14,98.1,1.1,58
0,0,98.1,98.06,1.1,59
0,0,98.1,98.06,1.1,59
0,0,98.06,98.03,1.1,59
0,0,98.03,97.99,1.1,59
0,1,97.99,98.0,1.1,59
0,0,97.99,97.97,1.1,59
1,0,97.97,97.97,1.11,59
0,0,97.97,97.81,1.1,59
0,0,97.81,97.71,1.1,59
0,1,97.71,97.74,1.11,59
0,1,97.74,97.75,1.11,59
0,0,97.75,97.72,1.11,59
1,0,97.72,97.72,1.12,59
0,1,97.72,97.72,1.12,59
0,1,97.72,97.72,1.12,59
0,1,97.72,97.72,1.12,59
0,1,97.72,97.72,1.12,59
1,1,97.72,97.72,1.12,59
1,1,97.72,97.74,1.13,59
1,1,97.74,97.74,1.13,59
0,1,97.74,97.75,1.13,59
0,0,97.75,97.57,1.14,59
0,0,97.75,97.57,1.14,59
0,0,97.75,97.57,1.14,59
0,0,97.57,97.33,1.14,59
0,0,97.33,97.24,1.14,59
1,0,97.24,97.21,1.14,59
1,1,97.21,97.21,1.14,59
1,0,97.21,97.2,1.15,59
1,0,97.2,97.2,1.15,59
0,0,97.2,97.18,1.15,59
1,0,97.18,97.18,1.15,59
2,1,97.18,97.25,1.15,59
0,1,97.25,97.25,1.16,59
2,1,97.25,97.31,1.15,59
0,0,97.31,97.03,1.15,59
1,1,97.03,97.04,1.15,59
1,0,97.03,97.02,1.15,59
0,0,97.02,96.8,1.15,59
2,1,96.8,96.81,1.16,59
0,1,96.81,96.83,1.16,59
1,0,96.83,96.78,1.16,59
0,1,96.78,96.78,1.16,59
4,1,96.78,97.04,1.14,59
2,0,97.04,97.04,1.15,59
1,0,97.04,96.99,1.15,59
1,1,96.99,97.01,1.15,59
0,1,97.01,97.01,1.16,59
0,1,97.01,97.01,1.16,59
0,1,97.01,97.02,1.16,59
0,1,97.02,97.03,1.16,59
0,0,97.03,96.95,1.17,59
0,1,96.95,96.95,1.17,59
2,1,96.95,96.98,1.17,59
0,1,96.98,97.07,1.17,59
1,1,97.07,97.12,1.18,59
0,1,97.12,97.12,1.18,59
0,0,97.12,97.09,1.18,59
0,1,97.09,97.1,1.18,59
0,0,97.09,97.07,1.18,59
1,1,97.07,97.09,1.19,59
0,1,97.09,97.09,1.19,59
0,0,97.09,96.83,1.18,59
1,1,96.83,96.84,1.19,59
0,1,96.84,96.84,1.19,60
0,0,96.84,96.63,1.19,60
0,1,96.63,96.64,1.19,60
2,1,96.64,96.65,1.19,60
0,1,96.65,96.65,1.2,60
0,1,96.65,96.66,1.2,60
0,1,96.66,96.66,1.2,60
0,0,96.66,96.45,1.2,60
2,1,96.45,96.55,1.2,60
0,0,96.55,96.45,1.2,60
1,0,96.45,96.44,1.2,60
0,1,96.44,96.44,1.21,60
0,1,96.44,96.45,1.21,60
1,1,96.45,96.46,1.21,60
3,1,96.46,96.86,1.19,60
0,1,96.86,96.86,1.19,60
0,1,96.86,96.87,1.19,60
0,0,96.87,96.84,1.2,60
0,1,96.84,96.84,1.2,60
0,0,96.84,96.84,1.2,60
1,1,96.84,96.92,1.2,60
0,1,96.92,96.92,1.2,60
1,1,96.92,96.94,1.21,60
1,1,96.94,96.95,1.21,60
0,0,96.95,96.92,1.21,60
0,1,96.92,96.93,1.21,60
1,1,96.93,96.93,1.22,60
0,1,96.93,96.93,1.22,60
0,0,96.93,96.91,1.22,60
0,0,96.93,96.91,1.22,60
0,0,96.91,96.86,1.22,60
0,0,96.86,96.82,1.22,60
1,0,96.82,96.78,1.23,60
1,0,96.78,96.77,1.23,60
0,1,96.77,96.8,1.23,60
1,1,96.8,96.86,1.23,60
0,0,96.86,96.8,1.23,60
2,1,96.8,96.86,1.23,60
1,1,96.86,96.87,1.23,60
0,1,96.87,96.87,1.23,60
0,0,96.87,96.86,1.24,60
2,1,96.86,97.09,1.22,60
2,0,96.86,96.84,1.24,60
0,1,96.84,96.9,1.24,60
1,1,96.9,97.04,1.24,60
0,1,97.04,97.05,1.24,60
0,1,97.05,97.05,1.25,60
0,1,97.05,97.05,1.25,60
0,1,97.05,97.06,1.25,60
0,1,97.06,97.08,1.26,60
1,0,97.08,97.07,1.26,60
0,0,97.07,97.05,1.26,60
0,0,97.07,97.05,1.26,60
1,0,97.05,97.04,1.26,60
1,0,97.04,97.03,1.27,60
0,0,97.03,97.01,1.27,60
1,0,97.01,97.0,1.27,60
0,0,97.0,96.98,1.27,60
2,1,96.98,97.23,1.26,60
0,0,97.23,97.21,1.26,60
0,1,97.21,97.22,1.27,60
0,1,97.22,97.26,1.27,60
2,1,97.26,97.42,1.26,60
1,1,97.42,97.57,1.26,60
2,1,97.57,97.7,1.25,60
0,1,97.7,97.75,1.25,60
0,0,97.7,97.52,1.25,60
2,1,97.52,97.62,1.25,60
1,0,97.62,97.61,1.25,60
0,0,97.61,97.58,1.25,60
0,0,97.58,97.53,1.25,60
1,0,97.53,97.5,1.25,60
1,0,97.5,97.49,1.25,60
1,0,97.49,97.48,1.26,60
0,0,97.48,97.1,1.26,60
0,0,97.1,97.06,1.26,60
0,1,97.06,97.07,1.26,60
0,0,97.07,97.05,1.26,60
0,0,97.05,97.0,1.26,60
0,0,97.0,96.96,1.26,60
1,1,96.96,97.13,1.26,60
0,0,97.13,97.09,1.26,60
2,0,97.09,97.08,1.26,60
0,1,97.08,97.09,1.27,60
0,1,97.09,97.1,1.27,60
0,1,97.1,97.14,1.27,60
0,0,97.14,97.12,1.27,60
1,0,97.12,97.1,1.28,60
1,1,97.1,97.18,1.28,61
1,1,97.18,97.2,1.28,61
0,1,97.2,97.22,1.28,61
1,1,97.22,97.22,1.28,61
1,0,97.22,97.21,1.28,61
0,0,97.21,97.2,1.28,61
0,0,97.2,97.17,1.29,61
2,0,97.17,97.17,1.29,61
0,0,97.17,96.86,1.29,61
1,0,96.86,96.84,1.29,61
0,0,96.84,96.82,1.29,61
0,0,96.82,96.73,1.29,61
0,0,96.73,96.67,1.29,61
0,0,96.67,96.65,1.29,61
0,0,96.65,96.63,1.29,61
0,0,96.63,96.62,1.29,61
2,1,96.62,96.89,1.29,61
2,1,96.62,96.89,1.29,61
1,1,96.89,96.9,1.29,61
0,0,96.9,96.49,1.27,61
0,0,96.49,96.31,1.27,61
0,0,96.31,96.2,1.27,61
0,0,96.2,96.09,1.26,61
1,0,96.09,96.04,1.27,61
0,0,96.04,95.98,1.26,61
1,1,95.98,96.17,1.26,61
1,0,95.98,95.91,1.27,61
1,1,95.91,96.17,1.26,61
1,0,96.17,96.16,1.26,61
1,0,96.17,96.16,1.26,61
1,0,96.16,96.15,1.26,61
0,0,96.15,96.09,1.27,61
0,0,96.09,96.02,1.27,61
0,0,96.02,95.99,1.27,61
1,0,95.99,95.97,1.27,61
0,1,95.97,96.09,1.27,61
0,0,96.09,96.08,1.27,61
0,1,96.08,96.08,1.27,61
0,0,96.08,95.94,1.27,61
0,1,95.94,95.94,1.27,61
2,1,95.94,96.48,1.26,61
0,1,96.48,96.5,1.27,61
0,1,96.5,96.51,1.27,61
0,0,96.5,96.4,1.27,61
1,0,96.4,96.33,1.27,61
0,0,96.33,96.18,1.27,61
0,1,96.18,96.19,1.27,61
0,0,96.19,96.15,1.27,61
0,0,96.15,96.09,1.27,61
0,1,96.09,96.09,1.27,61
3,1,96.09,96.54,1.25,61
0,0,96.54,96.51,1.25,61
1,1,96.51,96.57,1.25,61
0,1,96.57,96.62,1.25,61
0,0,96.62,96.43,1.25,61
1,1,96.43,96.44,1.26,61
1,1,96.43,96.44,1.26,61
2,1,96.44,96.87,1.24,61
0,0,96.87,96.8,1.24,61
1,0,96.8,96.72,1.24,61
1,0,96.72,96.69,1.24,61
0,1,96.69,96.69,1.24,61
1,1,96.69,96.83,1.24,61
1,1,96.83,96.83,1.25,61
2,0,96.83,96.81,1.25,61
0,0,96.81,96.76,1.25,61
1,0,96.76,96.65,1.25,61
0,0,96.65,96.58,1.25,61
0,1,96.58,96.62,1.25,61
0,0,96.58,96.35,1.25,61
0,1,96.35,96.36,1.25,61
0,1,96.36,96.36,1.25,61
1,1,96.36,96.37,1.25,61
0,0,96.37,96.34,1.26,61
0,1,96.34,96.35,1.26,61
0,0,96.35,96.32,1.26,61
0,0,96.32,96.27,1.26,61
0,1,96.27,96.27,1.26,61
0,0,96.27,96.25,1.26,61
1,0,96.25,96.21,1.27,61
0,1,96.21,96.21,1.27,61
0,0,96.21,96.17,1.27,61
0,0,96.21,96.17,1.27,61
0,0,96.21,96.17,1.27,61
1,1,96.17,96.32,1.27,61
0,0,96.32,96.29,1.27,61
0,0,96.29,96.21,1.27,61
1,1,96.21,96.41,1.27,61
1,1,96.41,96.5,1.27,61
1,1,96.5,96.52,1.27,61
0,0,96.52,96.45,1.27,61
0,1,96.45,96.45,1.28,61
1,0,96.45,96.44,1.28,61
0,0,96.44,96.37,1.28,61
1,1,96.37,96.42,1.28,61
0,1,96.42,96.42,1.28,61
0,0,96.42,96.4,1.28,61
0,1,96.4,96.42,1.28,61
1,1,96.42,96.64,1.28,61
1,0,96.64,96.61,1.29,61
1,1,96.61,96.67,1.29,61
0,1,96.67,96.7,1.29,61
0,1,96.7,96.7,1.29,61
0,0,96.7,96.68,1.29,61
0,0,96.68,96.58,1.29,61
1,0,96.58,96.55,1.3,61
0,1,96.55,96.56,1.3,61
0,1,96.56,96.63,1.3,61
1,1,96.63,96.77,1.3,62
1,1,96.63,96.77,1.3,62
0,0,96.77,96.63,1.29,62
1,1,96.63,96.84,1.28,62
0,1,96.84,96.93,1.29,62
1,1,96.93,97.11,1.28,62
0,0,97.11,96.97,1.27,62
0,0,96.97,96.81,1.26,62
1,1,96.81,97.02,1.25,62
0,0,97.02,96.92,1.25,62
1,0,96.92,96.89,1.25,62
0,0,96.89,96.76,1.25,62
0,0,96.76,96.63,1.24,62
2,1,96.63,96.96,1.22,62
2,0,96.63,96.61,1.24,62
0,0,96.61,96.52,1.24,62
0,0,96.52,96.45,1.24,62
1,1,96.45,96.73,1.23,62
2,1,96.73,96.95,1.22,62
1,1,96.95,97.09,1.21,62
0,0,97.09,96.88,1.21,62
2,1,96.88,97.17,1.19,62
0,1,97.17,97.18,1.19,62
1,1,97.18,97.26,1.19,62
1,1,97.26,97.37,1.18,62
0,0,97.37,97.1,1.17,62
0,1,97.1,97.12,1.18,62
0,0,97.1,97.03,1.17,62
2,1,97.03,97.29,1.16,62
2,1,97.29,97.56,1.14,62
0,1,97.56,97.57,1.15,62
0,0,97.57,97.36,1.14,62
1,1,97.36,97.43,1.14,62
0,0,97.43,97.23,1.13,62
1,1,97.23,97.34,1.13,62
1,0,97.34,97.32,1.13,62
0,1,97.32,97.33,1.13,62
0,0,97.33,97.23,1.13,62
1,0,97.23,97.16,1.13,62
0,1,97.16,97.16,1.14,62
0,0,97.16,97.15,1.14,62
0,1,97.15,97.15,1.14,62
0,1,97.15,97.15,1.14,62
2,1,97.15,97.33,1.13,62
0,1,97.33,97.33,1.13,62
0,1,97.33,97.34,1.14,62
1,1,97.34,97.34,1.14,62
1,0,97.34,97.3,1.14,62
1,0,97.3,97.15,1.14,62
1,1,97.15,97.15,1.14,62
2,1,97.15,97.18,1.14,62
1,1,97.18,97.18,1.15,62
0,1,97.18,97.21,1.15,62
1,1,97.21,97.21,1.15,62
1,1,97.21,97.22,1.16,62
1,1,97.21,97.22,1.16,62
1,1,97.21,97.22,1.16,62
0,1,97.22,97.22,1.16,62
0,1,97.22,97.22,1.16,62
0,1,97.22,97.22,1.16,62
0,0,97.22,97.17,1.17,62
1,1,97.17,97.18,1.17,62
1,1,97.18,97.23,1.17,62
3,1,97.23,97.44,1.16,62
0,1,97.44,97.45,1.16,62
1,1,97.45,97.56,1.16,62
0,1,97.56,97.57,1.16,62
0,1,97.57,97.57,1.17,62
0,0,97.57,97.42,1.16,62
0,1,97.42,97.42,1.17,62
0,0,97.42,97.4,1.17,62
0,0,97.4,97.32,1.17,62
0,0,97.32,97.25,1.17,62
1,0,97.25,97.21,1.17,62
0,0,97.21,97.0,1.17,62
0,0,97.0,96.95,1.17,62
2,1,96.95,96.98,1.17,62
0,1,96.98,96.98,1.17,62
1,1,96.98,96.98,1.18,62
2,1,96.98,97.05,1.17,62
0,1,97.05,97.05,1.18,62
0,0,97.05,96.97,1.18,62
0,0,97.05,96.97,1.18,62
0,0,97.05,96.97,1.18,62
0,0,96.97,96.94,1.18,62
0,1,96.94,96.95,1.18,62
0,1,96.95,96.95,1.19,62
1,1,96.95,96.96,1.19,62
0,0,96.96,96.54,1.19,62
0,0,96.54,96.52,1.19,62
0,1,96.52,96.53,1.19,62
0,1,96.53,96.53,1.2,62
0,1,96.53,96.53,1.2,62
1,1,96.53,96.53,1.2,62
1,1,96.53,96.54,1.2,62
1,1,96.54,96.57,1.21,62
0,1,96.57,96.57,1.21,62
0,0,96.57,96.57,1.21,62
1,1,96.57,96.57,1.21,62
1,1,96.57,96.6,1.21,62
0,1,96.6,96.61,1.22,62
1,1,96.61,96.68,1.22,62
0,1,96.68,96.68,1.22,62
0,0,96.68,96.61,1.22,62
1,1,96.61,96.65,1.22,62
1,1,96.65,96.66,1.22,62
1,0,96.66,96.62,1.23,62
0,1,96.62,96.63,1.23,62
0,1,96.63,96.63,1.23,62
0,1,96.63,96.63,1.23,62
0,1,96.63,96.64,1.24,62
0,1,96.64,96.7,1.24,62
0,1,96.7,96.7,1.24,62
2,1,96.7,97.01,1.23,62
2,1,97.01,97.3,1.22,62
1,1,97.3,97.36,1.22,62
0,1,97.36,97.36,1.22,62
1,1,97.36,97.54,1.22,62
0,1,97.54,97.59,1.22,62
0,0,97.59,97.52,1.22,62
0,1,97.52,97.55,1.23,63
0,1,97.52,97.55,1.23,63
1,0,97.55,97.52,1.23,63
0,1,97.52,97.61,1.23,63
1,1,97.61,97.82,1.23,63
1,0,97.82,97.78,1.23,63
0,0,97.78,97.69,1.23,63
0,0,97.69,97.62,1.23,63
2,1,97.62,98.03,1.21,63
1,1,98.03,98.19,1.21,63
0,1,98.19,98.22,1.21,63
0,1,98.22,98.23,1.21,63
0,0,98.22,98.16,1.21,63
0,1,98.16,98.18,1.21,63
1,1,98.18,98.33,1.21,63
0,1,98.33,98.34,1.21,63
1,0,98.34,98.29,1.21,63
1,1,98.29,98.4,1.21,63
1,0,98.4,98.31,1.21,63
0,1,98.31,98.32,1.22,63
1,0,98.32,98.23,1.22,63
2,1,98.23,98.58,1.2,63
1,0,98.58,98.49,1.2,63
0,1,98.49,98.5,1.21,63
0,1,98.5,98.51,1.21,63
0,0,98.5,98.47,1.21,63
0,0,98.47,98.27,1.2,63
0,1,98.27,98.27,1.2,63
0,0,98.27,98.15,1.2,63
0,1,98.15,98.17,1.2,63
0,0,98.17,98.16,1.21,63
0,0,98.17,98.16,1.21,63
0,0,98.17,98.16,1.21,63
1,0,98.16,98.15,1.21,63
0,0,98.15,98.11,1.21,63
0,0,98.11,98.06,1.21,63
0,0,98.06,98.02,1.21,63
0,0,98.02,97.94,1.21,63
1,0,97.94,97.93,1.21,63
0,0,97.93,97.86,1.21,63
0,0,97.86,97.76,1.21,63
1,0,97.76,97.74,1.21,63
0,0,97.74,97.71,1.21,63
1,1,97.71,97.72,1.21,63
0,1,97.72,97.76,1.22,63
0,0,97.76,97.56,1.22,63
0,0,97.76,97.56,1.22,63
0,0,97.76,97.56,1.22,63
0,0,97.56,97.55,1.22,63
2,0,97.55,97.55,1.22,63
0,0,97.55,97.46,1.22,63
0,0,97.46,97.37,1.22,63
1,0,97.37,97.3,1.23,63
2,0,97.3,97.3,1.23,63
1,0,97.3,97.28,1.23,63
0,0,97.28,97.28,1.23,63
4,1,97.28,97.93,1.2,63
0,0,97.93,97.9,1.2,63
3,1,97.9,98.37,1.18,63
1,0,98.37,98.36,1.18,63
1,1,98.36,98.56,1.18,63
1,0,98.36,98.29,1.19,63
0,1,98.29,98.3,1.19,63
0,1,98.3,98.36,1.19,63
0,1,98.36,98.38,1.2,63
0,0,98.38,98.36,1.2,63
0,0,98.36,98.31,1.2,63
0,0,98.31,98.28,1.2,63
1,0,98.28,98.27,1.2,63
0,0,98.27,98.19,1.2,63
2,0,98.19,98.19,1.2,63
0,0,98.19,98.19,1.21,63
1,1,98.19,98.55,1.2,63
1,1,98.19,98.55,1.2,63
1,0,98.55,98.54,1.21,63
0,0,98.54,98.4,1.21,63
0,0,98.4,98.31,1.21,63
1,1,98.31,98.34,1.21,63
0,0,98.34,98.31,1.21,63
0,0,98.31,98.3,1.21,63
1,0,98.3,98.26,1.21,63
1,0,98.26,98.2,1.22,63
0,0,98.2,98.11,1.22,63
0,1,98.11,98.12,1.22,63
0,0,98.12,98.12,1.22,63
0,0,98.12,98.12,1.22,63
0,0,98.12,98.12,1.22,63
0,0,98.12,98.11,1.23,63
0,0,98.11,98.08,1.23,63
2,1,98.08,98.21,1.23,63
0,1,98.21,98.21,1.23,63
2,1,98.21,98.81,1.22,63
0,0,98.81,98.79,1.22,63
0,0,98.79,98.77,1.22,63
1,1,98.77,98.95,1.22,63
0,1,98.95,99.01,1.22,63
0,1,99.01,99.05,1.23,63
2,1,99.05,99.4,1.22,63
1,0,99.4,99.33,1.22,63
0,1,99.33,99.33,1.23,63
0,0,99.33,99.31,1.22,63
0,0,99.31,99.25,1.23,63
2,1,99.25,99.51,1.22,63
0,0,99.51,99.43,1.22,63
0,0,99.43,99.34,1.22,63
1,0,99.34,99.33,1.22,63
0,1,99.33,99.37,1.22,63
0,0,99.37,99.35,1.22,63
0,0,99.35,99.31,1.23,63
1,1,99.31,99.37,1.23,63
0,1,99.37,99.48,1.23,64
0,1,99.37,99.48,1.23,64
0,0,99.48,99.43,1.23,64
0,0,99.43,99.37,1.23,64
0,0,99.37,99.16,1.22,64
2,1,99.16,99.41,1.2,64
0,0,99.41,99.35,1.2,64
0,0,99.35,99.29,1.2,64
0,0,99.29,99.0,1.19,64
2,1,99.0,99.14,1.18,64
2,0,99.0,98.99,1.19,64
1,1,98.99,99.19,1.19,64
0,0,99.19,99.07,1.18,64
1,0,99.07,99.04,1.18,64
0,0,99.04,98.85,1.17,64
0,0,98.85,98.74,1.17,64
0,0,98.74,98.69,1.17,64
0,0,98.69,98.65,1.17,64
1,0,98.65,98.58,1.17,64
0,1,98.58,98.62,1.17,64
1,0,98.62,98.62,1.18,64
0,0,98.62,98.58,1.17,64
1,1,98.58,98.83,1.17,64
1,0,98.58,98.46,1.18,64
0,0,98.46,98.28,1.17,64
0,0,98.28,97.87,1.15,64
0,0,97.87,97.54,1.15,64
0,0,97.54,97.31,1.14,64
0,0,97.31,97.09,1.14,64
0,0,97.09,96.79,1.12,64
0,0,96.79,96.61,1.12,64
0,0,96.61,96.37,1.11,64
0,0,96.37,96.32,1.11,64
0,0,96.32,96.18,1.1,64
0,0,96.18,96.05,1.1,64
0,0,96.18,96.05,1.1,64
0,1,96.05,96.08,1.1,64
0,0,96.05,95.95,1.1,64
1,1,95.95,95.97,1.1,64
1,1,95.95,95.97,1.1,64
1,1,95.97,96.06,1.1,64
2,1,96.06,96.15,1.1,64
1,1,96.15,96.17,1.1,64
0,1,96.17,96.17,1.1,64
0,1,96.17,96.18,1.1,64
0,0,96.18,96.03,1.1,64
1,0,96.03,95.98,1.1,64
0,0,95.98,95.95,1.1,64
0,0,95.95,95.85,1.1,64
0,1,95.85,95.87,1.11,64
0,0,95.87,95.83,1.11,64
3,1,95.83,95.92,1.1,64
3,0,95.83,95.83,1.11,64
1,0,95.83,95.77,1.11,64
0,0,95.77,95.53,1.1,64
1,0,95.53,95.43,1.1,64
2,0,95.43,95.41,1.11,64
0,0,95.41,95.35,1.11,64
2,0,95.35,95.34,1.11,64
1,1,95.34,95.58,1.11,64
1,0,95.58,95.53,1.11,64
0,0,95.53,95.47,1.11,64
1,0,95.47,95.46,1.11,64
0,0,95.46,95.44,1.11,64
0,1,95.44,95.47,1.12,64
0,0,95.44,95.28,1.11,64
0,0,95.28,95.26,1.12,64
0,0,95.26,95.22,1.12,64
0,1,95.22,95.28,1.12,64
1,1,95.28,95.51,1.12,64
0,0,95.51,95.47,1.12,64
0,0,95.47,95.45,1.12,64
0,0,95.45,95.43,1.12,64
0,0,95.43,95.38,1.12,64
1,0,95.38,95.36,1.12,64
1,1,95.36,95.51,1.12,64
0,1,95.51,95.52,1.13,64
0,1,95.52,95.58,1.13,64
1,1,95.58,95.78,1.13,64
0,0,95.78,95.72,1.13,64
0,0,95.72,95.71,1.13,64
0,0,95.71,95.66,1.13,64
1,0,95.66,95.65,1.13,64
0,1,95.65,95.71,1.14,64
0,1,95.71,95.72,1.14,64
0,1,95.72,95.76,1.14,64
1,0,95.76,95.75,1.15,64
2,1,95.75,95.97,1.14,64
0,1,95.97,96.02,1.14,64
1,1,96.02,96.15,1.14,64
1,0,96.02,95.94,1.15,64
0,0,95.94,95.59,1.14,64
0,0,95.59,95.54,1.14,64
1,0,95.54,95.49,1.15,64
1,0,95.54,95.49,1.15,64
1,0,95.54,95.49,1.15,64
0,0,95.49,95.47,1.15,64
0,0,95.47,95.42,1.15,64
0,1,95.42,95.42,1.15,64
0,1,95.42,95.42,1.15,64
0,1,95.42,95.43,1.16,64
0,1,95.43,95.43,1.16,64
0,1,95.43,95.46,1.16,64
1,0,95.46,95.43,1.17,64
0,0,95.43,95.35,1.17,64
0,0,95.43,95.35,1.17,64
0,0,95.43,95.35,1.17,64
1,0,95.35,95.34,1.17,64
1,0,95.34,95.33,1.17,64
0,1,95.33,95.38,1.18,64
2,0,95.38,95.38,1.18,64
0,0,95.38,95.28,1.18,64
0,0,95.28,95.27,1.18,64
1,0,95.27,95.26,1.18,64
0,1,95.26,95.27,1.18,64
0,0,95.26,95.19,1.18,64
0,1,95.19,95.25,1.19,64
0,0,95.25,95.21,1.19,64
0,0,95.21,95.19,1.19,64
2,0,95.19,95.19,1.19,64
2,1,95.19,95.31,1.19,64
1,1,95.31,95.37,1.19,64
1,0,95.37,95.37,1.2,64
0,1,95.37,95.38,1.2,66
0,1,95.37,95.38,1.2,66
1,1,95.38,95.41,1.2,66
3,1,95.41,95.59,1.18,66
0,1,95.59,95.59,1.19,66
1,1,95.59,95.61,1.19,66
2,1,95.61,95.72,1.18,66
2,1,95.72,95.89,1.17,66
0,1,95.89,95.9,1.17,66
2,1,95.9,96.05,1.16,66
1,1,96.05,96.07,1.17,66
0,1,96.07,96.07,1.17,66
0,1,96.07,96.1,1.17,66
0,0,96.07,95.96,1.17,66
0,1,95.96,96.0,1.17,66
1,0,96.0,95.98,1.17,66
0,1,95.98,95.98,1.18,66
2,1,95.98,96.05,1.17,66
0,1,96.05,96.08,1.17,66
0,1,96.08,96.09,1.18,66
2,1,96.09,96.16,1.17,66
0,1,96.16,96.18,1.17,66
0,0,96.18,95.99,1.17,66
2,1,95.99,96.09,1.17,66
0,0,96.09,95.9,1.17,66
0,0,95.9,95.77,1.17,66
3,1,95.77,96.05,1.15,66
1,0,96.05,95.97,1.15,66
3,1,95.97,96.2,1.14,66
1,1,96.2,96.24,1.14,66
1,1,96.24,96.26,1.14,66
0,1,96.26,96.28,1.14,66
0,1,96.28,96.28,1.15,66
2,1,96.28,96.47,1.13,66
3,1,96.47,96.76,1.12,66
0,1,96.76,96.8,1.12,66
3,0,96.8,96.79,1.12,66
0,1,96.79,96.81,1.13,66
0,0,96.79,96.7,1.13,66
0,0,96.7,96.64,1.13,66
3,0,96.64,96.64,1.13,66
0,0,96.64,96.59,1.13,66
0,1,96.59,96.6,1.13,66
0,0,96.6,96.52,1.13,66
0,0,96.52,96.47,1.13,66
0,1,96.47,96.48,1.14,66
0,0,96.48,96.46,1.14,66
0,0,96.46,96.39,1.14,66
0,0,96.39,96.31,1.14,66
1,1,96.31,96.39,1.14,66
0,0,96.39,96.38,1.14,66
0,0,96.39,96.38,1.14,66
0,0,96.39,96.38,1.14,66
0,0,96.38,96.32,1.14,66
0,0,96.32,96.25,1.14,66
0,1,96.25,96.29,1.15,66
0,1,96.29,96.32,1.15,66
0,1,96.32,96.33,1.15,66
0,0,96.33,96.26,1.15,66
1,0,96.26,96.25,1.15,66
1,1,96.25,96.39,1.15,66
2,1,96.39,96.61,1.15,66
0,0,96.61,96.53,1.14,66
